<beans xmlns="http://www.springframework.org/schema/beans"
	xmlns:xsi="http://www.w3.org/2001/XMLSchema-instance"
    xmlns:mvc="http://www.springframework.org/schema/mvc"
    xmlns:util="http://www.springframework.org/schema/util"
    xmlns:p="http://www.springframework.org/schema/p"
    xmlns:context="http://www.springframework.org/schema/context"
    xmlns:tx="http://www.springframework.org/schema/tx"
	xsi:schemaLocation="
	    http://www.springframework.org/schema/tx http://www.springframework.org/schema/tx/spring-tx-3.2.xsd
        http://www.springframework.org/schema/mvc http://www.springframework.org/schema/mvc/spring-mvc-3.2.xsd
        http://www.springframework.org/schema/beans http://www.springframework.org/schema/beans/spring-beans-3.2.xsd
        http://www.springframework.org/schema/mvc http://www.springframework.org/schema/mvc/spring-mvc-3.2.xsd
        http://www.springframework.org/schema/util http://www.springframework.org/schema/util/spring-util-3.2.xsd
        http://www.springframework.org/schema/context http://www.springframework.org/schema/context/spring-context-3.2.xsd
		http://www.springframework.org/schema/jdbc classpath:org/springframework/jdbc/config/spring-jdbc-3.2.xsd">
						
	<context:property-placeholder location="/WEB-INF/i18n/jdbc.properties" />
	
	<!-- Package needed to be scanned for annotation -->
    <context:component-scan base-package="pe.com.sigbah" />

	<!-- Use annotation for configuration-->
	<context:annotation-config />
	
	<mvc:view-controller path="/principal/resourceNotFound" />
	<mvc:view-controller path="/principal/uncaughtException" />
	
	<mvc:resources mapping="/resources/**" location="/resources/" />
    
    <mvc:default-servlet-handler/>
    
     <!-- Resolves localized messages*.properties and application.properties files in the application to	allow for internationalization.
        The messages*.properties files translate Roo generated messages which are part of the admin interface, the application.properties
        resource bundle localizes all application specific messages such as entity names and menu items. -->
    <bean class="org.springframework.context.support.ReloadableResourceBundleMessageSource" id="messageSource" 
    	  p:basenames="WEB-INF/i18n/messages" p:fallbackToSystemLocale="false"/>
    	  
    <!-- store preferred language configuration in a cookie -->
    <bean class="org.springframework.web.servlet.i18n.CookieLocaleResolver" id="localeResolver" p:cookieName="locale" />
    
    <!-- resolves localized <theme_name>.properties files in the classpath to allow for theme support -->
    <bean class="org.springframework.ui.context.support.ResourceBundleThemeSource" id="themeSource" />	  
    	  
    <!-- Data Source Declaration -->
	<bean id="dataSource" class="org.springframework.jndi.JndiObjectFactoryBean">
	    <property name="jndiName" value="${jndi.dataSource}" />
	    <property name="resourceRef" value="true" />
	</bean>

    <bean id="transactionManager" class="org.springframework.jdbc.datasource.DataSourceTransactionManager">
        <property name="dataSource" ref="dataSource" />
    </bean>
	
    <!-- Configures the @Controller programming model -->
	<mvc:annotation-driven />
	
<!-- 	<bean class="org.springframework.web.client.RestTemplate"> -->
<!-- 	    <property name="errorHandler"> -->
<!-- 	        <bean class="pe.com.sigbah.web.controller.BaseResponseErrorHandler" /> -->
<!-- 	    </property> -->
<!-- 	</bean> -->
	
    <bean id="viewResolver" class="org.springframework.web.servlet.view.tiles3.TilesViewResolver" />

	<bean id="tilesConfigurer" class="org.springframework.web.servlet.view.tiles3.TilesConfigurer">
		<property name="definitions">
			<list>
				<value>/WEB-INF/views/templates/layouts.xml</value>
				<value>/WEB-INF/views/views.xml</value>
			</list>
		</property>
	</bean>
    
    <bean id="multipartResolver" class="org.springframework.web.multipart.commons.CommonsMultipartResolver" />

</beans>